Vorname,Nachname,Telefonnummer,PLZ,Stadt
,,,,
Aaron,Becker,01734982982,53757,Sankt Augustin
Eric,Bridgeton,01733463463,53844,Troisdorf
Dora,Hansen,01733835208,53115,Bonn
Cedrik,Hegemeier,01529345895,10553,Berlin
Julia,Junghaar,01628828282,45127,Essen
Brad,Miller,01525559997,51149,Köln
Britta,Newman,01639898222,50678,Köln
Steven,Newton,01777153423,50733,Köln
Erhard,Schröder,01529898334,30159,Hannover
Anne,Suberg,01638882634,50667,Köln
